{
    "value0": {},
    "value1": 5,
    "value2": 5,
    "value3": 1048576,
    "value4": 1,
    "value5": 1048578,
    "value6": 3,
    "value7": 4,
    "value8": 5,
    "value9": 1048576,
    "value10": {
        "Position": {
            "value0": 0.0,
            "value1": 0.0,
            "value2": 0.0
        },
        "Rotation": {
            "value0": 0.0,
            "value1": 0.0,
            "value2": 0.0,
            "value3": 0.0
        },
        "Scale": {
            "value0": 1.0,
            "value1": 1.0,
            "value2": 1.0
        }
    },
    "value11": 3,
    "value12": {
        "Position": {
            "value0": 0.0,
            "value1": 0.0,
            "value2": -0.5386258959770203
        },
        "Rotation": {
            "value0": 0.0,
            "value1": 0.0,
            "value2": 0.0,
            "value3": 1.0
        },
        "Scale": {
            "value0": 1.0,
            "value1": 1.0,
            "value2": 1.0
        }
    },
    "value13": 4,
    "value14": {
        "Position": {
            "value0": 0.5515668392181397,
            "value1": 0.0,
            "value2": -0.05937480926513672
        },
        "Rotation": {
            "value0": 0.0,
            "value1": 0.0,
            "value2": 0.0,
            "value3": 1.0
        },
        "Scale": {
            "value0": 1.0,
            "value1": 1.0,
            "value2": 1.0
        }
    },
    "value15": 1,
    "value16": {
        "Position": {
            "value0": 0.0,
            "value1": 0.0,
            "value2": 0.00019529461860656738
        },
        "Rotation": {
            "value0": 0.0,
            "value1": 0.0,
            "value2": 0.0,
            "value3": 1.0
        },
        "Scale": {
            "value0": 1.0,
            "value1": 1.0,
            "value2": 1.0
        }
    },
    "value17": 1048578,
    "value18": {
        "Position": {
            "value0": 0.13933056592941285,
            "value1": 0.8685749769210815,
            "value2": -0.05937480926513672
        },
        "Rotation": {
            "value0": 0.0,
            "value1": 0.0,
            "value2": 0.0,
            "value3": 1.0
        },
        "Scale": {
            "value0": 1.0,
            "value1": 1.0,
            "value2": 1.0
        }
    },
    "value19": 5,
    "value20": 1048576,
    "value21": {
        "value0": 14529074126551781062
    },
    "value22": 1,
    "value23": {
        "value0": 9350635693050999568
    },
    "value24": 1048578,
    "value25": {
        "value0": 2376029742769723818
    },
    "value26": 3,
    "value27": {
        "value0": 11154425372212142966
    },
    "value28": 4,
    "value29": {
        "value0": 13480152894324018600
    },
    "value30": 4,
    "value31": 1048576,
    "value32": {
        "Name": "Camera"
    },
    "value33": 1048578,
    "value34": {
        "Name": "Light"
    },
    "value35": 3,
    "value36": {
        "Name": "Light"
    },
    "value37": 4,
    "value38": {
        "Name": "Light"
    },
    "value39": 5,
    "value40": 1048576,
    "value41": {
        "Active": true
    },
    "value42": 1,
    "value43": {
        "Active": true
    },
    "value44": 1048578,
    "value45": {
        "Active": true
    },
    "value46": 3,
    "value47": {
        "Active": true
    },
    "value48": 4,
    "value49": {
        "Active": true
    },
    "value50": 0,
    "value51": 1,
    "value52": 1048576,
    "value53": {
        "OrthoScale": 1.0,
        "Aspect": 1.7777777910232545,
        "FOV": 60.0,
        "Near": 0.009999999776482582,
        "Far": 1000.0
    },
    "value54": 3,
    "value55": 1048578,
    "value56": {
        "value0": {
            "value0": 0.13933056592941285,
            "value1": 0.8685749769210815,
            "value2": -0.05937480926513672
        },
        "value1": {
            "value0": 0.0,
            "value1": 0.43037962913513186,
            "value2": 1.0
        },
        "value2": 2,
        "value3": 0.0,
        "value4": 0.0,
        "value5": {
            "value0": 0.0,
            "value1": 0.0,
            "value2": 0.0
        },
        "value6": 10.0,
        "value7": 10.0
    },
    "value57": 3,
    "value58": {
        "value0": {
            "value0": 0.0,
            "value1": 0.0,
            "value2": -0.5386258959770203
        },
        "value1": {
            "value0": 1.0,
            "value1": 0.0,
            "value2": 0.0
        },
        "value2": 2,
        "value3": 0.0,
        "value4": 0.0,
        "value5": {
            "value0": 0.0,
            "value1": 0.0,
            "value2": 0.0
        },
        "value6": 10.0,
        "value7": 10.0
    },
    "value59": 4,
    "value60": {
        "value0": {
            "value0": 0.5515668392181397,
            "value1": 0.0,
            "value2": -0.05937480926513672
        },
        "value1": {
            "value0": 0.006329059600830078,
            "value1": 1.0,
            "value2": 0.0
        },
        "value2": 2,
        "value3": 0.0,
        "value4": 0.0,
        "value5": {
            "value0": 0.0,
            "value1": 0.0,
            "value2": 0.0
        },
        "value6": 10.0,
        "value7": 10.0
    },
    "value61": 1,
    "value62": 1,
    "value63": {
        "PrimitiveType": 4,
        "FilePath": "Primitive"
    }
}