{
    "value0": {},
    "value1": 3,
    "value2": 3,
    "value3": 0,
    "value4": 1,
    "value5": 2,
    "value6": 3,
    "value7": 0,
    "value8": {
        "Position": {
            "value0": 2.200000047683716,
            "value1": 0.9700000286102295,
            "value2": 0.6499999761581421
        },
        "Rotation": {
            "value0": -0.38249462842941286,
            "value1": 0.029019754379987718,
            "value2": 0.012020377442240715,
            "value3": 0.9234235882759094
        },
        "Scale": {
            "value0": 1.0,
            "value1": 1.0,
            "value2": 1.0
        }
    },
    "value9": 2,
    "value10": {
        "Position": {
            "value0": 10.0,
            "value1": 0.0,
            "value2": 0.0
        },
        "Rotation": {
            "value0": 0.0,
            "value1": 0.0,
            "value2": 0.0,
            "value3": 0.0
        },
        "Scale": {
            "value0": 1.0,
            "value1": 1.0,
            "value2": 1.0
        }
    },
    "value11": 1,
    "value12": {
        "Position": {
            "value0": 0.0,
            "value1": 0.0,
            "value2": 0.0
        },
        "Rotation": {
            "value0": 0.0858316421508789,
            "value1": 0.17298740148544312,
            "value2": -0.015134435147047043,
            "value3": 0.981060266494751
        },
        "Scale": {
            "value0": 1.0,
            "value1": 1.0,
            "value2": 1.0
        }
    },
    "value13": 3,
    "value14": 0,
    "value15": {
        "value0": 6610249842473502093
    },
    "value16": 1,
    "value17": {
        "value0": 18375658293185994915
    },
    "value18": 2,
    "value19": {
        "value0": 16861041497868399906
    },
    "value20": 3,
    "value21": 0,
    "value22": {
        "Name": "MainCamera"
    },
    "value23": 1,
    "value24": {
        "Name": "Directional Light"
    },
    "value25": 2,
    "value26": {
        "Name": "Light"
    },
    "value27": 3,
    "value28": 0,
    "value29": {
        "Active": true
    },
    "value30": 1,
    "value31": {
        "Active": true
    },
    "value32": 2,
    "value33": {
        "Active": true
    },
    "value34": 0,
    "value35": 1,
    "value36": 0,
    "value37": {
        "OrthoScale": 1.0,
        "Aspect": 1.7777777910232545,
        "FOV": 60.0,
        "Near": 0.009999999776482582,
        "Far": 1000.0
    },
    "value38": 2,
    "value39": 1,
    "value40": {
        "value0": {
            "value0": 0.0,
            "value1": 0.0,
            "value2": 0.0
        },
        "value1": {
            "value0": 1.0,
            "value1": 1.0,
            "value2": 1.0
        },
        "value2": 0,
        "value3": 0.0,
        "value4": 0.0,
        "value5": {
            "value0": -0.33682411909103396,
            "value1": 0.1736481636762619,
            "value2": -0.9254165887832642
        },
        "value6": 1.0,
        "value7": 0.0
    },
    "value41": 2,
    "value42": {
        "value0": {
            "value0": 10.0,
            "value1": 0.0,
            "value2": 0.0
        },
        "value1": {
            "value0": 1.0,
            "value1": 0.0,
            "value2": 0.0
        },
        "value2": 2,
        "value3": 0.0,
        "value4": 0.0,
        "value5": {
            "value0": 0.0,
            "value1": 0.0,
            "value2": 0.0
        },
        "value6": 10.0,
        "value7": 10.0
    },
    "value43": 0
}